ID	0	0.25	0.5	1	1.5	2	2.5	3	4	5	6	7	8	9	10	15	20	per Beezdemand
1	2	2	0	0	0	0	0	0	0	0	0	0	0	0	0	0	0	
2	3	0	0	1	1	0	0	0	0	0	0	0	0	0	0	0	0	
3	5	5	5	5	4	3	2	2	1	1	0	0	0	0	0	0	0	
4	10	10	10	10	10	10	10	10	10	10	8	8	5	5	4	0	0	
5	0	0	0	0	0	3	0	0	0	3	0	0	0	0	2	0	0	
6	0	0	0	0	0	0	0	0	0	3	0	0	0	0	0	0	0	
7	5	0	4	4	3	2	2	1	1	1	1	1	0	0	0	0	0	
8	10	9	8	7	6	5	5	5	5	3	2	1	0	0	0	0	0	
9	8	8	8	8	8	8	8	8	8	4	2	1	0	0	0	0	0	
10	2	2	2	2	2	2	2	2	2	2	2	1	1	1	1	0	0	
11	1	0	0	0	0	0	0	0	0	4	0	0	0	0	0	0	0	
12	6	6	6	6	6	6	6	4	3	0	0	0	0	0	0	0	0	
13	8	8	7	7	6	6	5	5	5	4	3	2	2	2	2	1	0	
14	3	3	3	3	3	3	3	3	0	0	0	0	0	0	0	0	0	
15	7	5	4	2	0	0	0	0	0	0	0	0	0	0	0	0	0	
16	6	6	5	5	5	5	5	5	4	4	4	4	3	2	2	1	1	
17	6	0	0	0	0	0	0	0	0	0	0	0	0	0	0	0	0	
18	3	3	3	3	3	3	3	3	3	3	2	2	2	2	1	1	0	
19	4	0	0	0	0	0	0	0	0	0	0	0	0	0	0	0	0	
20	7	7	7	7	7	7	6	5	4	3	2	0	0	0	0	0	0	
21	5	4	2	1	0	0	0	0	0	0	0	0	0	0	0	0	0	
22	50	10	5	2	0	0	0	0	0	0	0	0	0	0	0	0	0	
23	8	8	8	8	8	8	8	6	6	4	3	3	2	2	0	0	0	
24	6	6	6	6	6	6	5	5	4	3	3	3	2	0	0	0	0	
25	12	12	12	12	10	8	7	6	4	4	2	1	0	0	0	0	0	
26	4	1	0	0	0	0	0	0	0	0	0	0	0	0	0	0	0	
27	15	15	15	15	15	15	15	10	8	5	4	3	3	2	1	0	0	
28	5	5	5	3	3	2	2	1	1	1	1	0	0	0	0	0	0	
29	21	21	21	21	15	10	8	6	4	4	3	2	2	0	0	0	0	
30	2	1	0	0	0	0	0	0	0	0	0	0	0	0	0	0	0	
31	15	15	15	15	15	15	12	12	10	5	5	4	3	0	0	0	0	
32	3	3	3	3	3	3	1	1	1	1	1	1	0	0	0	0	0	
33	8	8	8	8	7	5	5	3	2	0	0	0	0	0	0	0	0	
34	15	15	15	15	14	12	10	8	6	5	4	3	3	2	0	0	0	
35	4	4	4	4	4	4	4	3	2	2	1	1	1	1	1	0	0	
36	0	0	0	0	0	0	0	0	0	0	0	0	0	0	0	0	0	
37	20	10	5	2	2	2	2	1	0	0	0	0	0	0	0	0	0	
38	5	4	4	3	1	1	1	1	1	1	0	0	0	0	0	0	0	
39	10	10	10	10	10	10	10	10	8	8	6	6	5	5	4	3	2	
40	1	1	1	1	0	0	0	0	0	0	0	0	0	0	0	0	0	
41	1	0	0	0	0	0	0	0	0	0	2	0	0	0	0	0	0	
42	15	15	15	10	10	5	4	3	2	2	1	1	1	1	1	0	0	
43	0	0	0	0	0	1	0	0	0	0	0	0	0	0	0	0	0	
44	5	0	0	0	0	5	0	0	0	0	0	0	0	0	0	0	0	
45	2	1	1	1	1	1	0	0	0	0	0	0	0	0	0	0	0	
46	3	3	3	3	3	3	3	3	2	2	2	1	1	1	1	0	0	
47	0	0	0	0	0	1	0	0	3	0	1	0	0	0	0	0	0	
48	8	8	8	8	8	8	6	5	4	4	3	1	1	1	1	0	0	
49	6	6	5	5	5	5	5	5	4	3	3	2	2	1	1	1	1	
50	3	5	2	7	4	2	9	7	2	6	9	2	6	2	5	2	7	
51	5	4	2	1	1	0	0	0	0	0	0	0	0	0	0	0	0	
52	5	5	5	5	5	5	5	4	4	3	3	2	1	0	0	0	0	
53	10	10	10	8	8	8	8	7	7	7	6	6	5	5	5	0	0	
54	7	7	7	7	7	7	5	5	4	4	4	4	2	1	1	0	0	
55	6	5	5	5	4	4	3	3	2	1	1	1	1	1	1	0	0	
56	0	0	4	5	0	0	0	1	0	0	0	0	0	0	0	0	0	
57	4	4	2	0	0	0	0	0	0	0	0	0	0	0	0	0	0	
58	8	7	6	6	6	6	6	6	6	4	2	0	0	0	0	0	0	
59	5	5	5	5	5	4	4	4	3	3	1	1	1	0	0	0	0	
60	50	40	30	16	10	8	6	7	4	3	3	3	2	0	0	0	0	
61	5	5	5	5	5	5	5	5	5	3	3	3	3	3	2	2	2	
62	2	3	4	5	5	5	5	5	5	5	3	2	2	2	2	1	1	
63	1	1	1	1	1	1	1	1	1	1	1	1	1	0	0	0	0	
64	0	2	1	1	0	1	1	1	0	0	0	0	0	0	0	0	0	
65	2	2	2	2	2	2	2	1	1	1	1	1	0	0	0	0	0	
66	3	3	3	3	3	3	3	3	2	2	2	1	1	1	0	0	0	
67	6	6	6	6	6	6	6	6	6	5	5	4	3	2	1	0	0	
68	12	12	12	12	12	12	12	10	6	5	3	2	2	2	2	1	1	
69	5	5	5	4	3	2	2	1	1	1	0	0	0	0	0	0	0	
70	7	7	7	7	7	7	5	5	5	4	3	3	3	2	2	1	1	
71	5	5	5	5	5	5	5	5	5	4	3	3	2	1	1	0	0	
72	6	6	6	6	6	6	6	6	5	4	3	2	2	2	1	0	0	
73	10	10	10	10	10	10	10	10	10	10	5	5	5	5	5	0	0	
74	4	4	4	4	4	4	3	3	3	2	2	2	1	1	1	1	1	
75	3	3	3	3	3	2	2	2	1	1	1	1	1	0	0	0	0	
76	2	2	2	2	1	1	0	0	0	0	0	0	0	0	0	0	0	
77	0	0	0	0	0	0	0	0	0	0	0	0	0	0	0	0	0	
78	7	7	7	7	7	6	6	6	6	5	4	3	2	2	2	1	1	
79	8	8	8	8	8	7	7	7	5	5	3	3	1	1	1	1	1	
80	6	6	6	6	6	6	6	5	5	4	3	2	2	2	2	1	1	
81	5	5	5	4	4	4	4	3	3	3	3	2	2	1	1	0	0	
82	7	7	7	7	7	6	5	4	3	2	2	2	2	1	1	1	0	
83	8	8	8	8	8	8	8	6	4	1	0	0	0	0	0	0	0	
84	10	10	8	8	7	7	5	5	5	4	3	3	3	3	2	1	1	
85	10	8	8	8	8	8	5	5	4	3	2	2	2	1	1	1	1	
86	5	5	5	5	5	5	4	3	1	1	1	0	0	0	0	0	0	
87	1	3	1	0	0	0	0	0	0	0	0	0	0	0	0	0	0	
88	20	20	20	20	20	10	10	9	8	7	7	6	5	3	2	2	1	
89	4	0	0	2	0	1	0	0	0	0	0	0	0	0	0	0	0	
90	6	6	6	6	5	5	4	4	3	2	2	2	2	2	2	0	0	
91	7	7	7	7	7	7	7	7	7	7	5	5	3	3	2	1	1	
92	10	10	10	10	10	10	7	7	6	4	3	2	2	1	0	0	0	
93	10	8	8	7	7	7	7	7	7	7	6	6	5	5	5	2	2	
94	3	3	3	3	3	2	2	2	1	1	1	1	1	1	0	0	0	
95	5	5	5	5	5	5	5	5	0	0	0	0	0	0	0	0	0	
96	2	2	2	2	2	2	2	2	2	2	2	1	1	1	1	1	1	
97	3	3	3	3	3	3	3	3	3	4	2	2	2	1	1	1	1	
98	10	10	10	10	10	10	10	6	5	4	3	1	1	1	0	0	0	
99	8	6	6	6	6	6	6	6	4	4	0	0	0	0	0	0	0	
100	12	12	12	12	12	10	10	10	8	8	8	6	6	5	3	2	2	
101	10	10	10	5	5	5	4	4	2	2	1	1	0	0	0	0	0	
102	0	0	0	0	0	0	0	0	0	0	1	0	0	1	0	0	0	
103	0	0	0	0	0	0	0	0	0	0	3	0	0	0	0	0	0	
104	3	3	3	3	3	2	2	2	2	2	2	2	1	1	1	1	1	
105	10	10	8	5	5	5	5	5	5	4	4	1	1	1	1	0	0	
106	10	10	10	10	10	10	10	8	7	6	5	4	3	2	1	0	0	
107	0	0	0	0	0	0	2	1	0	0	0	0	0	0	0	0	0	
108	0	0	0	0	0	0	9	0	0	0	0	0	0	0	0	0	0	
109	10	8	6	6	6	6	4	4	3	2	1	0	0	0	0	0	0	
110	10	10	10	10	10	10	10	10	6	6	5	5	3	2	2	1	0	
111	7	7	7	7	7	7	7	5	5	5	5	5	5	4	3	0	0	
112	2	2	2	2	2	2	2	2	1	1	1	0	0	0	0	0	0	
113	5	5	5	5	5	5	5	5	5	4	3	3	2	2	2	1	1	
114	10	10	10	10	8	6	5	3	2	1	0	0	0	0	0	0	0	
115	10	5	4	4	3	2	1	0	0	0	0	0	0	0	0	0	0	
116	0	0	0	0	0	1	2	2	0	0	0	0	0	0	0	0	0	
117	12	8	7	4	4	3	2	2	2	1	1	1	1	1	1	1	1	
118	5	5	5	5	4	4	4	4	3	3	2	2	1	1	1	1	0	
119	10	10	10	10	10	5	5	5	5	0	0	0	0	0	0	0	0	
120	3	3	3	3	3	3	3	3	2	2	2	1	1	1	0	0	0	
121	7	7	7	7	7	7	5	3	2	2	1	0	0	0	0	0	0	
122	8	8	8	8	8	6	6	6	5	5	4	3	2	2	0	0	0	
123	5	5	5	5	5	4	4	3	2	1	0	0	0	0	0	0	0	
124	6	5	5	4	4	3	3	3	2	2	1	1	1	1	1	1	1	
125	12	12	10	10	10	10	10	9	6	5	5	3	3	2	2	2	1	
126	5	5	5	5	5	5	5	5	4	4	4	2	2	0	0	0	0	
127	3	2	2	2	2	2	2	2	2	2	1	1	1	1	1	0	0	
128	5	5	5	5	5	5	4	4	3	2	1	1	0	0	0	0	0	
129	4	3	3	2	2	2	2	5	4	2	2	44	0	0	0	0	0	
130	0	0	0	2	2	3	0	0	0	0	0	0	0	0	0	0	0	
131	5	5	5	5	5	5	5	5	5	4	4	4	3	2	2	0	0	
132	0	0	0	0	0	0	0	0	0	2	2	2	0	0	0	0	0	
133	2	0	0	2	0	1	0	1	0	1	0	0	0	0	0	0	0	
134	6	6	6	4	4	4	4	4	4	4	2	2	2	1	1	1	1	
135	10	10	10	10	8	8	6	6	4	4	3	3	3	2	2	1	1	
136	6	5	5	5	5	5	5	5	5	2	2	1	1	0	0	0	0	
137	7	5	5	5	5	5	5	5	5	2	2	2	2	1	1	0	0	
138	4	4	4	4	4	4	4	3	3	2	1	1	1	1	0	0	0	
139	10	0	0	0	0	0	0	0	0	0	0	0	0	0	0	0	0	
140	10	8	8	8	8	8	6	6	6	6	5	4	3	2	2	2	1	
141	15	15	15	15	12	10	8	3	2	2	2	1	1	1	1	0	0	
142	5	5	5	5	5	5	5	5	5	5	4	4	4	3	3	2	2	
143	5	5	5	5	5	2	2	2	1	1	0	0	0	0	0	0	0	
144	8	8	8	8	8	8	7	5	5	5	4	4	4	4	4	4	3	
145	3	3	3	3	3	3	2	2	1	1	1	0	0	0	0	0	0	
146	3	3	3	3	2	2	2	1	1	0	0	0	0	0	0	0	0	
147	3	3	3	3	3	3	3	3	3	2	2	1	1	1	1	0	0	
148	4	4	4	3	3	2	1	0	0	0	0	0	0	0	0	0	0	
149	4	4	4	4	4	4	4	4	3	3	3	3	3	3	3	2	1	
150	0	0	0	0	0	0	0	0	0	0	0	1	0	0	0	0	0	
151	5	5	5	4	4	4	4	4	3	2	2	2	1	1	1	0	0	
152	10	10	10	10	10	10	7	6	5	5	4	4	3	3	3	2	1	
153	3	3	3	3	3	3	3	3	0	0	0	0	0	0	0	0	0	
154	3	3	3	3	3	3	3	3	3	3	3	3	2	1	1	1	0	
155	2	2	2	2	2	2	2	1	1	0	0	0	0	0	0	0	0	
156	0	0	0	0	0	0	0	3	1	1	0	0	0	0	0	0	0	
157	4	4	4	4	4	4	4	4	3	3	2	2	2	0	0	0	0	
158	4	4	4	3	3	3	2	2	1	1	0	0	0	0	0	0	0	
159	5	5	5	5	5	5	5	5	5	5	3	0	0	0	0	0	0	
160	8	8	8	8	8	8	8	8	5	4	3	2	2	1	1	0	0	
161	10	5	5	5	5	5	5	4	4	3	3	2	2	1	1	1	1	
162	6	6	6	6	6	6	5	4	3	3	0	0	0	0	0	0	0	
163	1	2	0	0	0	0	0	0	0	0	0	0	0	0	0	0	0	
164	10	10	10	10	8	7	7	8	7	7	5	2	0	0	0	0	0	
165	0	0	0	0	0	0	0	0	0	0	0	0	0	0	0	0	0	
166	8	8	8	6	5	5	4	4	3	0	0	0	0	0	0	0	0	
167	5	5	5	5	5	5	5	5	0	0	0	0	0	0	0	0	0	
168	10	10	10	9	9	6	6	6	5	4	3	1	1	1	0	0	0	
169	5	3	3	3	3	3	3	3	3	3	2	2	2	1	1	0	0	
170	10	10	10	10	10	10	10	10	10	8	8	7	6	6	5	3	2	
171	6	6	6	6	6	6	6	6	6	6	4	3	3	2	2	0	0	
172	6	5	5	5	5	5	5	3	2	2	0	0	0	0	0	0	0	
173	5	3	3	2	1	0	0	0	0	0	0	0	0	0	0	0	0	
174	5	2	2	2	2	2	2	2	2	2	2	2	2	2	2	2	2	
175	5	5	5	5	5	5	5	5	5	5	3	3	3	3	3	2	2	
176	10	10	10	10	10	10	10	10	7	6	5	4	4	3	3	2	2	
177	15	15	15	15	15	12	12	8	5	5	5	4	4	4	3	1	1	
178	12	12	10	10	8	7	5	4	3	2	2	1	1	0	0	0	0	
179	4	4	4	4	4	4	4	4	4	4	3	3	2	2	1	0	0	
180	12	12	12	12	8	6	4	3	2	2	2	0	0	0	0	0	0	
181	5	3	1	1	1	1	1	1	1	1	1	1	1	1	1	0	0	
182	5	5	5	5	4	4	4	3	2	2	2	2	2	2	2	1	1	
183	10	10	10	7	7	7	6	5	3	0	0	0	0	0	0	0	0	
184	3	3	3	3	3	2	2	1	0	0	0	0	0	0	0	0	0	
185	5	5	5	5	4	4	4	2	2	2	1	1	1	1	1	0	0	
186	4	4	4	4	4	4	4	4	4	3	3	2	2	2	1	0	0	
187	8	8	8	8	6	5	4	3	2	0	0	0	0	0	0	0	0	
188	0	3	2	1	1	0	0	0	0	0	0	0	0	0	0	0	0	
189	6	6	6	6	6	6	6	5	5	0	0	0	0	0	0	0	0	
190	4	4	4	4	4	4	4	3	3	2	1	1	1	1	0	0	0	
191	2	0	0	0	3	0	0	0	0	0	0	0	0	0	0	0	0	
192	10	10	10	10	10	10	10	10	10	10	8	8	7	6	5	4	2	
193	1	1	1	0	0	0	0	0	0	0	0	0	0	0	0	0	0	
194	4	4	4	4	4	4	3	3	2	1	0	0	0	0	0	0	0	
195	20	20	17	15	10	5	5	3	1	1	1	0	0	0	0	0	0	
196	5	5	5	3	3	2	2	1	0	0	0	0	0	0	0	0	0	
197	6	6	6	6	5	5	5	4	3	3	2	1	0	0	0	0	0	
198	5	5	5	5	4	4	4	3	2	2	1	1	1	1	1	1	1	
199	4	4	4	4	4	4	4	4	4	4	4	4	4	3	3	2	1	
200	2	2	2	2	2	2	2	2	2	2	2	2	1	1	1	1	0	
201	5	5	5	5	5	5	5	5	5	4	3	3	3	2	2	2	1	
202	14	12	10	10	9	8	8	6	5	4	3	2	1	1	0	0	0	
203	2	2	0	0	0	0	0	0	0	0	0	0	0	0	0	0	0	
204	8	8	8	8	8	8	8	8	7	4	2	0	0	0	0	0	0	
205	4	4	4	3	3	2	2	1	1	0	0	0	0	0	0	0	0	
206	1	1	1	1	1	1	1	0	0	0	0	0	0	0	0	0	0	
207	7	7	7	7	7	7	7	7	6	5	5	4	3	3	3	1	0	
208	2	2	2	2	2	2	2	2	2	2	2	0	0	0	0	0	0	
209	5	5	5	5	5	5	4	4	3	2	2	1	1	1	1	1	1	
210	3	3	3	3	3	3	3	3	3	2	2	0	0	0	0	0	0	
211	10	10	10	8	8	5	5	5	3	2	2	2	2	2	2	2	2	
212	4	4	4	4	4	4	4	4	4	4	4	4	3	3	3	2	2	
213	0	0	0	0	0	0	0	0	0	0	0	0	0	0	0	0	0	
214	5	0	0	0	0	0	0	0	0	0	0	0	0	0	0	0	0	
215	8	8	8	8	7	6	6	5	5	4	3	3	2	2	2	1	1	
216	3	3	3	2	2	2	2	2	1	1	1	0	0	0	0	0	0	
217	2	0	0	1	0	0	0	0	0	0	0	0	0	0	0	0	0	
218	11	11	11	11	11	8	7	6	5	5	5	4	4	4	3	2	2	
219	0	1	0	2	1	3	2	1	0	0	0	0	0	3	4	5	6	
220	12	12	12	12	12	12	12	8	6	5	3	2	2	1	1	0	0	
221	5	5	5	5	4	3	2	2	1	1	1	1	1	0	0	0	0	
222	0	0	0	0	0	0	0	5	0	0	3	0	0	0	0	0	0	
223	5	5	5	5	5	5	5	5	5	5	5	5	2	0	0	0	0	
224	5	5	5	5	5	5	5	4	3	2	1	1	0	0	0	0	0	
225	6	6	6	5	5	5	5	4	4	4	3	2	2	2	2	0	0	
226	0	0	0	2	0	0	0	0	2	0	0	0	0	0	0	0	0	
227	8	8	7	7	6	6	5	4	4	4	4	4	4	3	3	2	1	
228	10	10	10	10	10	8	7	5	4	3	3	2	2	2	2	1	1	
229	4	4	4	4	3	3	2	2	1	1	0	0	0	0	0	0	0	
230	5	0	0	0	0	0	0	0	0	0	0	0	0	0	0	0	0	
231	10	10	10	10	10	10	10	10	10	8	8	7	5	3	3	1	1	
232	15	15	15	15	10	10	10	8	6	4	4	3	2	2	2	1	1	
233	2	2	2	1	3	0	0	1	0	0	0	0	0	0	0	0	0	
234	6	6	6	6	6	6	6	5	5	4	3	3	1	1	0	0	0	
235	0	0	1	1	0	0	0	1	0	0	0	0	0	0	0	0	0	
236	6	6	6	6	6	6	6	6	5	4	4	2	2	1	1	0	0	
237	15	15	15	15	15	15	15	15	10	10	8	8	5	5	4	0	0	
238	4	4	4	4	3	3	3	2	2	2	1	1	1	1	0	0	0	
239	2	2	2	2	2	0	0	0	0	0	0	0	0	0	0	0	0	
240	7	5	5	5	5	5	5	5	4	4	4	4	4	3	2	1	0	
241	8	8	8	8	8	8	8	8	7	7	6	6	4	4	2	0	0	
242	10	10	10	10	10	10	10	8	5	4	3	3	2	2	0	0	0	
243	20	20	20	20	15	15	10	10	5	2	0	0	0	0	0	0	0	
244	2	4	4	9	2	0	1	1	0	6	2	0	3	0	19	4	3	
245	4	4	4	4	4	4	4	3	2	1	1	0	0	0	0	0	0	
246	5	5	5	5	5	5	5	5	4	3	2	0	0	0	0	0	0	
247	6	6	6	6	6	6	6	6	3	3	2	2	1	0	0	0	0	
248	6	6	6	5	5	4	4	0	0	0	0	0	0	0	0	0	0	
249	10	10	10	10	10	10	10	10	8	5	5	5	4	4	3	2	0	
250	6	6	6	6	6	5	4	3	3	2	2	2	2	2	1	0	0	
251	10	10	10	10	10	10	10	8	7	5	5	5	4	3	3	2	2	
252	5	5	5	5	5	5	5	5	5	5	5	5	5	4	2	2	1	
253	0	1	1	0	1	2	1	1	1	0	1	1	1	0	1	2	1	
254	3	3	3	3	3	3	3	3	3	2	2	0	0	0	0	0	0	
255	1	0	0	0	0	0	0	0	0	0	0	0	0	0	0	0	0	
256	4	4	4	4	4	4	4	4	4	3	3	2	2	1	1	1	1	
257	4	4	4	4	4	4	2	2	2	1	1	1	0	0	0	0	0	
258	8	8	8	8	8	8	8	6	5	3	2	2	1	0	0	0	0	
259	12	12	12	12	10	8	8	6	5	4	3	3	2	1	1	0	0	
260	8	8	8	6	6	5	5	4	4	3	3	2	1	1	0	0	0	
261	4	4	4	4	4	4	4	4	4	3	3	2	2	2	2	1	0	
262	1	0	0	0	0	0	0	0	0	0	0	0	0	0	0	0	0	
263	3	3	3	3	3	3	3	3	3	2	2	2	1	1	1	0	0	
264	0	0	0	5	0	0	0	0	0	1	0	0	0	0	0	0	0	
265	1	1	1	1	1	1	1	1	1	1	0	0	0	0	0	0	0	
266	5	5	5	5	4	3	3	2	2	2	1	1	1	1	1	0	0	
267	8	8	8	6	6	5	5	4	3	3	3	2	2	1	1	1	0	
268	6	6	6	5	5	5	5	4	4	3	3	2	1	0	0	0	0	
269	7	7	7	7	7	7	6	6	5	5	4	3	2	2	2	1	0	
270	5	4	3	3	3	2	2	2	2	2	2	1	0	0	0	0	0	
271	5	5	5	5	5	3	3	2	1	1	0	0	0	0	0	0	0	
272	0	0	0	0	0	0	0	0	0	0	2	0	0	0	0	0	0	
273	10	10	10	10	10	10	10	10	8	7	6	6	5	4	3	2	1	
274	20	20	20	10	10	10	8	8	8	4	3	2	1	0	0	0	0	
275	3	3	3	3	3	3	3	3	3	3	3	3	3	2	2	2	1	
276	0	0	0	0	0	0	0	0	0	0	0	0	0	0	0	0	0	
277	5	5	5	5	5	5	5	5	5	5	4	4	3	3	2	2	1	
278	2	0	0	0	0	0	0	0	1	3	0	0	0	1	0	0	0	
279	16	16	16	15	12	12	10	8	8	6	4	4	2	2	0	0	0	
280	2	2	2	2	2	2	2	2	2	1	1	1	1	1	1	0	0	
281	5	4	2	2	2	2	2	2	2	2	2	2	2	2	2	1	0	
282	4	4	4	3	2	2	1	1	0	0	0	0	0	0	0	0	0	
283	4	4	4	3	3	3	3	3	3	3	3	2	2	2	2	1	1	
284	1	0	0	0	0	0	0	4	0	0	0	0	0	0	0	0	0	
285	8	8	8	8	8	8	6	6	5	4	6	2	2	1	0	0	0	
286	6	6	6	6	6	6	6	5	4	4	3	3	2	2	1	0	0	
287	5	5	5	5	4	3	3	3	2	2	0	0	0	0	0	0	0	
288	20	10	10	10	5	5	5	5	5	2	2	2	1	1	1	1	1	
289	15	15	14	6	4	3	2	1	0	0	0	0	0	0	0	0	0	
290	5	5	5	5	5	4	4	3	2	2	1	0	0	0	0	0	0	
291	5	5	5	5	5	5	5	5	4	3	3	2	2	2	2	0	0	
292	2	1	1	1	0	0	0	0	0	0	0	0	0	0	0	0	0	
293	5	5	5	5	5	5	5	5	5	5	5	4	4	3	3	2	1	
294	10	10	6	5	4	5	3	3	2	2	1	1	1	1	0	0	0	
295	12	8	6	5	4	3	3	2	1	1	0	0	0	0	0	0	0	
296	10	10	10	10	7	5	4	4	2	2	1	1	0	0	0	0	0	
297	0	1	1	1	1	1	1	1	1	1	0	0	0	0	0	0	0	
298	4	4	4	4	4	4	4	4	4	4	3	3	2	2	1	0	0	
299	10	10	10	10	10	8	6	5	4	3	2	2	2	1	0	0	0	
300	5	0	0	0	0	0	0	0	0	1	0	0	0	0	0	0	0	
301	3	3	3	3	3	3	3	3	3	3	0	0	0	0	0	0	0	
302	15	15	15	15	15	15	15	15	10	10	7	7	3	3	3	2	1	
303	1	0	0	0	0	0	0	0	0	0	0	0	0	0	0	0	0	
304	5	4	2	1	0	0	0	0	0	0	0	0	0	0	0	0	0	
305	6	6	6	6	6	6	6	6	6	6	6	5	4	4	2	0	0	
306	3	2	1	0	0	0	0	0	0	0	0	0	0	0	0	0	0	
307	3	3	3	3	3	3	2	2	2	2	1	1	1	0	0	0	0	
308	12	12	12	10	6	5	4	3	2	1	0	0	0	0	0	0	0	
309	2	0	0	0	0	0	0	0	0	0	0	0	0	0	0	0	0	
310	0	0	0	0	0	0	3	1	1	0	0	0	0	0	0	0	0	
311	3	0	0	0	0	0	0	0	0	0	0	0	0	0	0	0	0	
312	2	1	1	1	1	0	0	0	0	0	0	0	0	0	0	0	0	
313	20	18	18	18	16	14	12	10	8	6	4	0	0	0	0	0	0	
314	9	7	7	7	7	6	6	5	5	5	3	3	3	0	0	0	0	
315	3	3	3	3	3	3	3	3	3	3	2	2	1	1	1	1	0	
316	2	2	2	2	2	2	2	2	2	2	2	2	2	2	2	2	0	
317	8	8	8	8	8	5	5	5	0	0	0	0	0	0	0	0	0	
318	2	2	2	2	2	2	2	2	1	1	1	0	0	0	0	0	0	
319	8	8	8	8	8	8	7	7	6	6	5	4	3	2	2	1	1	
320	2	0	0	2	2	0	0	2	1	0	0	0	0	0	0	0	0	
321	8	8	8	8	8	8	8	6	5	5	5	4	3	3	2	1	1	
322	4	3	3	3	3	3	3	2	2	2	2	2	1	1	1	0	0	
323	4	4	4	4	3	3	3	3	3	2	2	1	1	1	1	0	0	
324	10	10	10	10	8	7	5	5	5	4	4	3	3	3	2	1	1	
325	12	12	12	12	12	12	12	9	9	8	8	6	6	6	3	2	1	
326	5	5	5	5	5	4	4	4	3	3	2	1	1	0	0	0	0	
327	10	10	10	10	10	10	10	10	10	0	0	0	0	0	0	0	0	
328	6	6	6	6	5	4	4	4	4	3	3	2	0	0	0	0	0	
329	6	6	6	6	6	5	5	4	4	4	0	0	0	0	0	0	0	
330	0	0	0	0	0	0	0	0	0	0	3	0	0	0	0	0	0	
331	6	6	6	6	6	6	6	6	6	6	6	6	5	5	4	4	2	
332	5	5	5	3	3	2	2	1	0	0	0	0	0	0	0	0	0	
333	5	5	5	5	5	5	5	5	5	5	5	5	5	5	2	0	0	
334	0	0	0	0	0	0	0	3	2	0	0	0	0	0	0	0	0	
335	5	1	1	1	0	0	0	0	0	0	0	0	0	0	0	0	0	
336	10	10	10	10	10	10	10	10	8	7	6	5	4	1	1	0	0	
337	10	10	10	8	7	5	5	3	2	1	0	0	0	0	0	0	0	
338	9	9	9	9	9	9	8	6	5	4	3	2	2	2	1	0	0	
339	5	4	3	2	1	0	0	0	0	0	0	0	0	0	0	0	0	
340	1	0	0	0	0	2	2	0	0	0	0	0	0	0	0	0	0	
341	0	0	0	0	0	0	0	0	0	0	0	0	0	0	0	0	0	
342	4	4	4	4	4	3	3	3	2	2	2	1	1	1	0	0	0	
343	10	10	10	10	10	10	10	8	7	6	5	4	3	2	1	0	0	
344	4	3	3	3	3	2	2	2	1	1	1	0	0	0	0	0	0	
345	5	5	5	5	5	5	5	5	2	2	2	2	1	1	1	0	0	
346	6	6	6	6	6	5	4	4	3	2	1	1	1	1	1	0	0	
347	2	2	2	2	2	2	2	1	0	0	0	0	0	0	0	0	0	
348	1	0	0	1	0	1	0	1	0	0	0	0	0	0	0	0	0	
349	5	4	4	4	3	2	2	2	2	1	0	0	0	0	0	0	0	
350	5	5	5	4	3	3	3	3	2	2	1	1	0	0	0	0	0	
351	7	7	7	7	5	5	5	5	5	4	4	4	3	3	1	0	0	
352	5	5	5	5	5	5	5	5	5	3	3	3	2	2	2	1	1	
353	7	7	7	6	5	5	5	5	4	4	3	3	2	2	2	0	0	
354	5	5	5	5	5	5	5	5	4	3	2	2	2	1	1	0	0	
355	4	4	3	1	0	0	0	0	0	0	0	0	0	0	0	0	0	
356	2	0	0	0	0	0	0	0	0	1	0	0	0	0	0	0	0	
357	1	3	0	0	0	0	0	0	0	0	0	0	0	0	0	0	0	
358	3	2	2	2	2	2	2	2	1	1	1	0	0	0	0	0	0	
359	12	12	12	12	12	12	12	12	12	12	12	5	5	0	0	0	0	
360	10	10	10	10	10	10	9	7	5	5	4	3	3	2	2	1	1	
361	3	3	3	3	3	3	3	3	3	3	3	2	2	2	1	0	0	
362	4	4	2	2	2	2	2	2	2	2	1	1	1	0	0	0	0	
363	20	20	20	20	15	13	12	10	10	7	5	5	5	5	5	4	1	
364	5	5	5	5	5	5	5	4	4	3	3	3	2	2	2	2	1	
365	8	8	8	8	8	8	8	7	7	6	5	5	4	4	2	2	1	
366	0	0	0	0	0	6	0	0	0	0	0	0	0	0	0	0	0	
367	4	4	4	4	4	4	4	3	3	3	3	3	3	3	3	2	0	
368	0	0	0	0	0	0	0	3	2	0	0	6	0	0	0	0	0	
369	0	0	0	0	0	0	3	2	0	1	0	0	0	0	0	0	0	
370	0	0	0	0	0	0	0	1	0	3	0	0	2	0	0	0	0	
371	3	3	3	3	3	3	3	3	2	2	2	0	0	0	0	0	0	
372	5	4	4	3	3	3	2	2	1	1	1	0	0	0	0	0	0	
373	4	4	4	4	3	3	3	2	2	2	1	1	1	0	0	0	0	
374	5	4	4	3	3	2	2	1	0	0	0	0	0	0	0	0	0	
375	7	7	7	7	6	6	5	4	3	2	2	1	0	0	0	0	0	
376	10	10	10	10	10	10	8	8	8	6	5	4	3	2	2	0	0	
377	1	1	1	1	1	1	1	1	1	1	1	0	0	0	0	0	0	
378	7	7	7	7	7	7	7	6	6	5	4	4	4	3	3	2	1	
379	8	8	6	6	5	5	4	3	3	2	2	2	1	0	0	0	0	
380	3	3	3	3	3	3	3	3	3	3	3	2	2	0	0	0	0	
381	8	8	8	8	8	8	8	8	8	8	8	0	0	0	0	0	0	
382	3	3	3	3	3	3	3	3	3	3	3	3	3	3	3	3	3	
383	1	0	0	0	0	0	0	2	0	0	0	0	0	0	0	0	0	
384	10	1	1	1	1	1	1	1	1	0	0	0	0	0	0	0	0	
385	6	6	6	6	6	6	6	6	4	3	2	1	0	0	0	0	0	
386	2	2	1	3	1	0	0	0	0	0	0	0	0	0	0	0	0	
387	10	8	8	6	5	5	5	5	5	5	4	3	2	1	0	0	0	
388	4	3	3	3	3	3	3	3	3	3	3	3	3	2	2	2	1	
389	8	8	8	8	8	8	6	6	3	3	2	2	2	1	1	0	0	
390	20	15	20	15	15	15	17	18	19	20	25	20	19	30	30	25	16	
391	4	4	4	4	4	3	3	2	2	2	1	1	1	0	0	0	0	
392	20	20	20	20	20	20	12	6	6	10	6	5	4	3	3	2	1	
393	7	7	7	7	7	7	7	7	7	7	7	6	6	5	5	3	2	
394	3	1	1	0	0	0	0	0	0	0	0	0	0	0	0	0	0	
395	15	15	12	10	8	6	6	6	6	4	4	4	4	3	3	2	0	
396	4	4	4	4	4	4	4	4	4	3	3	2	2	1	1	1	0	
397	10	10	10	10	10	10	10	10	9	8	7	6	6	6	5	5	5	
398	10	10	10	10	10	10	10	10	10	8	6	5	4	4	2	2	1	
399	10	10	10	9	9	6	6	6	5	5	5	5	5	4	4	3	3	
400	20	18	17	14	12	10	8	7	6	5	4	4	3	3	2	1	1	
401	2	2	2	2	2	2	2	2	2	2	1	1	0	0	0	0	0	
402	6	6	6	6	6	6	6	6	5	5	4	4	4	3	3	2	2	
403	5	5	5	5	4	4	3	3	2	2	1	1	0	0	0	0	0	
404	4	4	4	4	4	4	4	4	4	4	4	4	3	3	3	2	0	
405	3	3	3	3	3	3	2	2	0	0	0	0	0	0	0	0	0	
406	4	4	4	4	4	4	3	3	2	2	1	1	1	1	1	0	0	
407	2	2	2	2	2	2	2	2	2	2	2	2	1	1	1	0	0	
408	5	0	0	0	0	0	0	0	0	0	0	0	0	0	0	0	0	
409	2	2	2	2	2	2	1	1	1	0	0	0	0	0	0	0	0	
410	5	5	5	5	5	5	4	4	4	3	3	2	2	1	1	1	1	
411	5	5	5	5	5	5	5	5	5	4	3	3	3	3	3	2	1	
412	2	4	2	2	3	2	1	1	1	3	0	0	0	0	0	0	0	
413	2	2	2	2	2	2	2	2	1	1	1	1	0	0	0	0	0	
414	6	6	6	6	6	6	6	3	2	2	1	0	0	0	0	0	0	
415	0	0	0	0	0	0	0	0	0	0	0	0	0	0	0	0	0	
416	8	8	8	8	8	8	8	8	8	7	6	5	4	2	1	0	0	
417	3	3	3	3	3	3	3	3	3	3	3	3	2	2	1	1	0	
418	5	5	5	5	5	5	5	5	5	5	5	3	3	3	1	1	0	
419	2	2	2	2	2	2	2	2	2	0	0	0	0	0	0	0	0	
420	20	18	15	14	12	10	10	8	7	7	6	5	4	4	3	1	1	
421	10	10	10	10	10	10	8	8	7	6	5	4	4	3	2	2	2	
422	0	0	0	3	2	0	0	0	0	0	0	0	0	0	0	0	0	
423	12	12	10	8	8	8	8	8	8	7	7	6	6	6	5	5	4	
424	0	0	0	0	0	4	0	0	0	0	0	0	0	0	0	0	0	
425	6	6	6	5	5	5	4	4	3	2	2	1	1	1	0	0	0	
426	5	5	5	5	5	5	5	5	5	5	5	5	4	4	4	3	1	
427	15	2	2	0	0	0	0	0	0	0	0	0	0	0	0	0	0	
428	5	5	5	5	5	3	3	3	3	3	1	1	0	0	0	0	0	
429	5	5	5	5	5	5	5	5	3	2	2	1	0	0	0	0	0	
430	7	7	7	7	7	7	7	5	4	4	4	4	3	3	2	2	2	
431	5	0	0	2	0	2	0	0	0	1	0	1	0	0	0	0	0	
432	4	4	4	4	3	2	2	2	1	1	1	0	0	0	0	0	0	
433	6	6	6	6	6	5	5	3	3	2	2	2	1	1	1	1	0	
434	5	4	4	4	4	3	3	2	1	1	1	1	0	0	0	0	0	
435	10	9	9	9	8	8	8	8	8	7	7	6	3	3	2	1	1	
436	10	10	10	10	10	10	10	10	7	5	3	1	1	1	1	0	0	
437	6	5	5	4	4	4	3	2	2	0	0	0	0	0	0	0	0	
438	6	6	6	6	6	6	5	5	3	2	1	1	0	0	0	0	0	
439	3	3	3	3	3	3	3	3	3	2	2	2	2	2	1	1	1	
440	3	0	0	0	0	0	0	0	0	0	0	0	0	0	0	0	0	
441	3	3	3	3	3	3	3	2	1	1	0	0	0	0	0	0	0	
442	10	10	10	10	8	8	7	7	6	5	5	4	4	3	3	0	0	
443	10	10	10	10	8	8	8	6	5	4	4	3	3	2	1	1	0	
444	10	2	2	2	2	2	2	0	0	0	0	0	0	0	0	0	0	
445	5	5	5	5	5	5	4	4	3	3	2	2	1	1	1	1	0	
446	5	5	5	5	5	5	5	5	4	3	2	1	1	1	1	0	0	
447	15	15	15	15	15	10	10	5	4	3	3	2	2	1	0	0	0	
448	3	3	3	3	3	3	3	3	3	3	3	3	2	2	2	1	0	
449	6	5	5	5	5	5	5	5	4	4	3	2	2	0	0	0	0	
450	0	5	5	5	5	5	5	4	3	3	3	2	2	0	0	0	0	
451	15	12	12	12	12	12	12	10	10	8	6	5	4	3	2	0	0	
452	10	10	10	10	8	5	5	5	5	3	3	3	0	0	0	0	0	
453	10	8	6	5	5	5	5	4	4	4	3	2	1	1	0	0	0	
454	3	3	3	3	3	3	3	0	0	0	0	0	0	0	0	0	0	
455	5	5	5	5	5	5	5	4	3	2	1	1	1	1	1	0	0	
456	5	0	0	0	0	0	0	0	0	0	0	0	0	0	0	0	0	
457	4	4	4	4	4	4	4	3	3	3	3	2	2	2	1	1	1	
458	8	8	8	8	8	8	8	5	5	5	3	3	3	2	2	2	2	
459	5	5	4	3	3	3	3	2	2	2	2	1	1	1	0	0	0	
460	5	5	5	5	5	5	4	3	2	1	0	0	0	0	0	0	0	
461	20	17	18	19	19	7	7	6	1	1	3	4	1	1	1	1	0	
462	1	2	2	3	1	0	0	0	0	0	0	0	0	0	0	0	0	
463	10	10	10	10	10	5	5	5	5	3	3	2	2	2	1	1	1	
464	0	0	0	0	0	0	0	0	0	3	0	2	0	0	0	0	0	
465	0	0	0	0	0	0	0	0	0	2	0	0	0	0	0	0	0	
466	4	4	4	4	4	4	3	3	2	2	2	2	1	1	1	0	0	
467	0	0	0	0	0	0	5	2	0	0	0	0	0	0	1	0	0	
468	4	4	4	4	4	4	4	4	4	4	3	3	2	2	2	1	1	
469	5	5	5	5	5	5	5	5	4	4	3	2	2	1	0	0	0	
470	6	6	6	6	6	6	5	5	4	3	2	2	2	1	1	0	0	
471	30	30	30	30	30	30	30	30	30	20	20	15	15	12	12	10	5	
472	8	8	8	8	8	8	7	5	5	5	4	3	3	3	2	1	1	
473	3	0	0	0	0	0	2	0	0	0	2	0	0	0	0	0	0	
474	3	3	3	3	3	3	3	2	2	1	0	0	0	0	0	0	0	
475	6	6	6	6	6	6	6	6	4	4	3	2	1	1	0	0	0	
476	3	3	3	3	3	3	3	3	3	3	3	3	3	2	2	1	1	
477	1	1	1	1	1	1	1	1	0	0	0	0	0	0	0	0	0	
478	2	2	2	2	0	0	0	0	0	0	0	0	0	0	0	0	0	
479	5	5	5	5	5	5	5	4	3	3	2	2	2	2	2	1	1	
480	5	5	5	5	5	5	0	0	0	0	0	0	0	0	0	0	0	
481	20	15	12	11	10	10	9	8	8	7	7	6	6	5	5	5	3	
482	0	0	0	0	0	0	0	3	3	0	0	0	0	0	0	0	0	
483	5	5	5	5	5	4	4	3	3	2	2	2	2	2	2	1	1	
484	2	2	2	2	2	2	2	2	2	1	1	1	0	0	0	0	0	
485	10	10	10	8	8	7	7	5	5	3	3	2	2	1	1	1	1	
486	3	3	3	3	3	3	3	3	3	3	2	2	1	1	0	0	0	
487	2	3	5	2	2	4	5	5	0	0	0	0	0	0	0	0	1	
488	6	5	5	5	5	5	5	5	4	3	3	2	2	2	1	0	0	
489	10	9	8	7	6	6	5	5	4	4	2	2	2	2	2	1	1	
490	5	5	5	4	4	4	3	3	2	2	0	0	0	0	0	0	0	
491	3	3	3	3	3	3	3	3	3	3	2	2	2	1	1	0	0	
492	5	5	5	5	5	5	3	3	3	2	2	2	1	1	1	0	0	
493	10	10	8	7	7	6	6	5	4	3	2	1	1	1	0	0	0	
494	10	10	10	10	10	10	7	6	6	4	3	3	2	2	1	1	0	
495	10	10	10	10	5	5	5	5	4	3	2	1	1	1	1	0	0	
496	15	15	15	15	15	15	15	15	15	15	15	15	15	15	15	0	0	
497	5	5	5	5	5	5	5	5	5	5	0	0	0	0	0	0	0	
498	3	0	0	0	0	0	0	0	2	0	0	0	0	0	0	0	0	
499	5	5	5	5	4	3	3	2	2	2	2	2	2	1	1	0	0	
500	6	6	6	6	6	5	5	5	4	4	4	3	3	2	2	1	1	
501	9	8	7	6	5	4	3	2	1	0	0	0	0	0	0	0	0	
502	4	4	4	4	4	4	4	4	4	3	3	2	2	2	1	1	1	
503	3	2	2	2	2	2	2	2	1	1	1	1	1	0	0	0	0	
504	0	0	0	0	0	0	0	0	20	0	0	0	0	0	0	0	0	
505	20	10	5	5	5	5	5	5	4	4	4	4	2	0	0	0	0	
506	8	8	8	8	8	8	8	7	6	5	4	3	3	2	2	1	1	
507	0	0	0	0	0	0	6	0	0	0	0	0	0	0	0	0	0	
508	4	4	4	3	3	3	3	3	3	2	2	1	1	1	0	0	0	
509	4	5	4	3	2	2	2	0	0	0	0	0	0	0	0	0	0	
510	2	2	2	2	2	2	2	2	2	0	0	0	0	0	0	0	0	
511	4	3	3	3	3	2	2	2	2	1	1	1	0	0	0	0	0	
512	4	4	4	4	4	4	4	3	3	3	3	2	2	2	2	2	1	
513	7	6	6	6	6	6	6	6	6	5	5	5	5	5	5	4	3	
514	3	3	3	3	3	3	3	3	3	0	0	0	0	0	0	0	0	
515	10	10	10	10	9	8	7	6	5	4	3	2	2	2	2	1	1	
516	4	4	4	4	4	4	3	3	2	1	0	0	0	0	0	0	0	
517	10	10	10	10	10	10	10	10	5	5	5	4	3	2	1	0	0	
518	10	10	10	10	10	9	8	6	6	5	5	4	3	1	1	0	0	
519	2	1	1	0	0	0	0	0	0	0	0	0	0	0	0	0	0	
520	4	4	4	4	4	4	4	4	4	4	4	4	4	4	4	3	2	
521	1	1	1	1	1	1	1	1	0	0	0	0	0	0	0	0	0	
522	8	6	6	6	6	6	5	5	5	0	0	0	0	0	0	0	0	
523	5	5	4	4	3	3	2	2	0	0	0	0	0	0	0	0	0	
524	5	5	5	5	5	5	5	5	5	5	5	4	4	4	3	1	1	
525	4	4	4	4	4	4	4	4	3	3	3	3	3	2	2	1	1	
526	4	4	4	4	4	4	4	4	4	2	2	1	0	0	0	0	0	
527	10	10	10	10	10	10	10	2	2	2	2	2	2	2	2	0	0	
528	7	7	7	7	7	7	7	7	5	5	4	4	4	4	4	0	0	
529	10	10	10	10	10	8	8	7	6	5	5	4	4	1	0	0	0	
530	5	4	4	3	2	2	2	2	1	1	1	1	1	0	0	0	0	
531	8	8	8	8	8	8	8	8	6	6	5	4	4	4	3	2	1	
532	3	3	3	3	3	3	2	2	1	0	0	0	0	0	0	0	0	
533	10	10	10	10	8	6	5	4	3	2	2	2	2	1	1	1	1	
534	10	9	8	7	6	5	4	3	2	1	0	0	0	0	0	0	0	
535	4	4	4	4	4	2	2	2	1	1	0	0	0	0	0	0	0	
536	6	6	6	6	5	5	5	4	4	4	4	3	3	2	2	1	1	
537	0	0	0	0	0	1	1	0	0	0	0	0	0	0	2	0	0	
538	5	5	5	5	5	5	5	4	4	3	3	2	2	1	0	0	0	
539	10	10	10	10	10	10	10	8	7	6	4	2	1	1	1	1	1	
540	10	10	10	10	10	10	9	5	3	2	1	1	1	0	0	0	0	
541	5	5	4	4	4	3	2	2	2	1	1	1	1	0	0	0	0	
542	6	6	6	6	6	6	6	6	5	4	3	3	2	2	0	0	0	
543	2	2	2	2	2	2	2	1	1	1	1	0	0	0	0	0	0	
544	4	4	4	3	3	2	2	1	1	0	0	0	0	0	0	0	0	
545	10	10	10	10	10	8	8	6	5	4	3	3	2	2	2	1	1	
546	6	6	6	5	4	3	3	3	3	3	2	2	2	2	2	1	1	
547	2	2	22	2	2	2	2	2	2	2	2	2	2	2	2	2	2	
548	10	10	10	5	5	5	5	5	3	3	3	2	0	0	0	0	0	
549	7	0	0	0	0	0	0	0	0	0	0	0	0	0	0	0	0	
550	6	6	6	6	6	6	5	5	5	4	2	2	2	1	1	0	0	
551	6	6	6	6	6	6	6	6	6	5	5	4	3	3	3	2	2	
552	1	2	1	1	2	4	2	11	2	3	2	3	4	2	2	3	1	
553	10	10	10	10	10	10	10	10	7	6	5	4	3	3	3	2	1	
554	10	10	10	10	10	10	0	0	0	0	0	0	0	0	0	0	0	
555	7	5	4	3	3	3	2	2	1	1	0	0	0	0	0	0	0	
556	3	3	3	3	3	3	2	2	2	2	2	2	1	1	0	0	0	
557	5	2	1	1	1	1	0	0	0	0	0	0	0	0	0	0	0	
558	15	15	7	7	7	6	6	4	3	2	2	2	2	1	0	0	0	
559	2	3	2	2	2	3	4	5	6	2	2	3	6	4	5	3	3	
560	10	10	10	10	10	8	8	8	6	5	5	2	1	0	0	0	0	
561	2	2	2	2	2	2	2	2	2	2	2	2	0	0	0	0	0	
562	6	6	6	6	5	5	5	4	4	3	3	2	2	0	0	0	0	
563	5	5	5	5	5	4	4	4	3	2	2	1	1	1	1	0	0	
564	0	0	0	0	0	0	0	0	0	0	0	0	0	0	0	0	0	
565	5	5	5	5	5	5	5	5	5	4	4	3	3	3	2	0	0	
566	2	0	0	2	0	0	0	0	0	1	0	0	0	1	0	0	0	
567	3	3	3	3	3	3	3	3	3	3	2	0	0	0	0	0	0	
568	12	12	10	10	10	8	8	7	6	5	4	3	3	2	2	1	0	
569	5	5	5	4	4	4	4	4	4	3	3	2	2	2	2	1	1	
570	15	15	15	15	15	15	15	10	10	10	8	7	6	5	5	3	2	
571	15	15	15	12	10	8	6	5	4	4	4	2	2	2	0	0	0	
572	6	0	0	0	0	0	0	0	0	0	0	0	0	0	0	0	0	
573	6	6	6	6	6	6	6	6	5	5	5	4	4	3	2	2	1	
574	8	1	1	1	1	1	1	1	1	0	0	0	0	0	0	0	0	
575	10	9	8	7	6	5	4	4	4	3	2	1	1	1	0	0	0	
576	10	10	10	10	8	7	6	5	4	3	2	1	1	0	0	0	0	
577	3	3	3	3	3	3	3	3	3	3	2	0	0	0	0	0	0	
578	6	6	6	6	5	3	2	1	0	0	0	0	0	0	0	0	0	
579	5	5	5	5	5	5	5	4	4	4	3	2	2	2	2	0	0	
580	8	8	8	8	6	6	6	5	5	4	3	2	2	2	2	0	0	
581	3	3	3	3	3	3	3	3	2	2	2	1	1	1	1	0	0	
582	6	6	6	6	6	6	6	6	2	2	1	1	0	0	0	0	0	
583	10	10	8	8	8	6	5	4	4	3	2	0	0	0	0	0	0	
584	10	10	10	10	10	10	9	8	6	5	5	4	3	0	0	0	0	
585	6	5	5	5	5	5	5	5	5	5	4	4	3	3	2	1	0	
586	1	1	1	1	0	0	0	0	0	0	0	0	0	0	0	0	0	
587	5	5	5	5	5	5	5	5	5	4	4	3	3	2	2	1	1	
588	20	4	4	1	1	0	0	0	0	0	0	0	0	0	0	0	0	
589	0	0	0	0	5	0	0	0	0	0	0	0	0	0	0	0	0	
590	5	5	5	5	5	5	5	3	3	2	2	2	2	2	2	1	1	
591	4	4	4	4	4	4	3	2	2	2	1	1	0	0	0	0	0	
592	8	8	8	8	8	8	8	7	6	5	4	4	3	2	2	1	1	
593	6	6	6	6	6	6	6	6	6	6	5	5	5	0	0	0	0	
594	8	8	8	8	8	8	8	8	6	5	5	2	2	2	2	1	1	
595	3	3	3	3	3	2	2	2	2	1	1	1	1	0	0	0	0	
596	6	6	6	6	6	6	6	6	6	6	5	5	4	4	3	0	0	
597	10	10	10	10	10	10	10	10	10	8	4	3	1	1	0	0	0	
598	3	0	0	0	0	0	0	2	0	5	0	0	0	0	0	0	0	
599	0	0	0	0	0	0	1	0	3	0	0	1	0	0	0	0	0	
600	6	6	6	6	6	6	5	5	5	4	3	2	2	2	2	1	1	
601	3	3	3	3	5	4	3	2	1	1	0	0	0	0	0	0	0	
602	7	6	6	6	6	6	6	6	5	5	4	4	3	2	2	1	0	
603	4	0	0	0	0	0	0	0	0	0	0	0	0	0	0	0	0	
604	6	6	6	6	6	6	6	6	5	5	4	4	2	2	2	2	2	
605	7	7	7	7	7	7	7	5	5	4	4	4	4	3	2	1	1	
606	6	7	8	6	5	4	4	3	1	2	0	NA	1	0	0	0	0	
607	10	10	8	8	7	7	7	7	6	5	4	0	0	0	0	0	0	
608	0	0	0	0	0	0	0	0	0	0	0	1	0	1	0	0	0	
609	10	10	10	10	10	10	10	10	8	7	6	6	5	4	3	2	2	
610	2	4	1	5	1	1	1	3	5	2	2	1	1	1	0	2	2	
611	7	7	7	7	3	3	1	0	0	0	0	0	0	0	0	0	0	
612	1	2	2	2	2	2	2	1	1	1	1	0	0	0	0	0	0	
613	1	1	1	1	1	1	1	0	0	0	0	0	0	0	0	0	0	
614	20	18	16	14	13	12	11	10	8	6	4	2	1	0	0	0	0	
615	6	6	6	6	6	6	6	6	2	2	2	1	1	1	0	0	0	
616	3	3	3	3	3	3	3	3	3	3	3	2	2	2	2	1	0	
617	0	10	2	1	0	0	0	0	0	0	0	0	0	0	0	0	0	
618	5	5	5	5	4	3	3	3	2	2	1	1	1	1	1	0	0	
619	5	5	5	5	5	5	5	5	5	4	4	3	3	2	2	1	1	
620	0	0	0	0	0	0	0	0	0	0	0	0	0	0	0	0	0	
621	3	3	3	3	3	3	3	2	2	2	2	1	1	1	1	0	0	
622	6	6	6	6	6	6	6	5	2	2	2	1	1	1	1	0	0	
623	0	0	0	0	0	0	0	0	1	1	1	0	0	0	0	0	0	
624	2	2	2	2	2	2	2	2	1	1	1	1	1	0	0	0	0	
625	20	20	20	20	15	15	10	5	4	4	4	4	0	0	0	0	0	
626	12	12	10	8	6	5	4	3	2	1	0	0	0	0	0	0	0	
627	0	0	0	0	0	0	0	0	0	0	0	3	0	0	0	0	0	
628	3	3	3	3	3	3	3	3	3	3	2	2	1	1	0	0	0	
629	5	5	5	5	5	4	4	3	3	0	0	0	0	0	0	0	0	
630	8	5	3	2	2	1	0	0	0	0	0	0	0	0	0	0	0	
631	2	2	2	2	2	2	1	1	1	1	0	0	0	0	0	0	0	
632	1	0	0	0	0	0	0	0	0	2	0	0	0	0	0	0	0	
633	5	5	5	5	5	5	5	3	3	2	2	2	1	1	1	0	0	
634	8	8	8	8	8	8	8	8	8	8	6	6	5	5	5	3	2	
635	12	12	12	12	10	10	8	6	6	5	4	4	3	3	2	1	0	
636	2	2	2	2	2	2	1	1	1	1	1	0	0	0	0	0	0	
637	3	3	3	3	3	3	3	3	3	3	3	2	2	2	2	1	1	
638	4	4	4	4	4	4	4	3	3	2	1	0	0	0	0	0	0	
639	20	20	10	8	5	4	3	2	0	0	0	0	0	0	0	0	0	
640	1	0	0	0	0	2	2	2	1	1	0	0	0	0	0	0	0	
641	12	12	10	10	10	10	8	7	6	5	5	3	2	1	1	1	0	
642	4	4	4	4	4	4	4	4	3	3	3	2	2	2	1	1	0	
643	4	4	4	3	3	3	2	2	2	2	1	1	1	1	0	0	0	
644	4	4	4	4	0	0	0	0	0	0	0	0	0	0	0	0	0	
645	5	5	5	5	5	5	5	5	5	4	4	3	2	2	2	1	1	
646	10	10	10	10	10	10	10	10	7	6	5	4	0	0	0	0	0	
647	1	1	1	0	0	0	0	0	0	0	0	0	0	0	0	0	0	
648	6	6	6	6	6	6	6	6	6	6	6	6	6	6	6	0	0	
649	3	3	3	3	3	3	3	3	3	2	2	2	1	1	1	0	0	
650	8	8	8	8	8	8	7	7	6	6	5	5	4	4	3	2	1	
651	5	5	5	5	5	5	5	5	5	4	4	3	2	2	2	1	1	
652	5	5	5	5	4	4	4	4	3	2	2	1	1	0	0	0	0	
653	4	4	4	4	4	4	3	3	3	3	2	2	2	1	1	1	0	
654	3	2	2	1	0	0	0	0	0	0	0	0	0	0	0	0	0	
655	1	1	1	0	0	0	0	0	0	0	0	0	0	0	0	0	0	
656	6	6	6	6	6	6	6	5	4	3	1	0	0	0	0	0	0	
657	2	2	2	2	2	2	2	2	2	1	1	1	1	1	0	0	0	
658	5	4	4	4	4	4	4	4	4	4	4	3	2	2	1	0	0	
659	4	4	4	4	3	2	2	2	2	2	0	0	0	0	0	0	0	
660	5	0	0	0	4	1	1	1	1	0	0	0	0	0	0	0	0	
661	6	6	6	6	6	5	5	5	5	4	4	4	3	0	0	0	0	
662	5	5	5	5	5	5	5	4	3	3	2	2	2	1	1	1	1	
663	1	3	0	0	0	0	0	0	0	0	0	0	0	0	0	0	0	
664	3	3	3	3	3	3	3	2	2	2	1	1	1	1	0	0	0	
665	0	0	0	0	8	0	0	0	0	0	0	0	0	0	0	0	0	
666	1	1	1	1	1	1	1	1	1	1	1	1	1	1	1	1	1	
667	5	5	5	5	5	5	5	5	5	4	4	3	3	2	2	0	0	
668	15	12	11	10	9	8	8	7	7	6	6	6	4	4	3	1	1	
669	4	4	4	4	4	4	4	4	4	4	3	3	2	1	1	0	0	
670	5	5	5	5	5	5	5	5	5	5	5	4	0	0	0	0	0	
671	5	5	5	5	5	5	5	5	5	5	5	3	2	0	0	0	0	
672	6	5	5	5	5	5	5	4	4	4	3	3	3	3	2	2	1	
673	5	5	5	4	4	3	3	2	2	1	1	0	0	0	0	0	0	
674	8	8	8	8	8	6	6	5	3	2	2	2	2	1	1	0	0	
675	5	5	5	5	5	5	5	5	3	3	3	3	3	3	3	0	0	
676	2	2	2	2	2	2	2	2	2	2	2	2	2	2	2	1	1	
677	12	12	12	12	10	10	9	9	5	5	5	4	4	4	3	2	1	
678	2	2	2	2	2	2	2	1	1	1	1	0	0	0	0	0	0	
679	1	1	1	1	1	1	1	0	0	0	0	0	0	0	0	0	0	
680	10	10	10	10	10	8	7	3	2	1	0	0	0	0	0	0	0	
681	7	6	6	6	5	5	5	4	4	3	3	3	3	3	3	2	1	
682	0	0	0	7	7	7	6	6	5	0	0	0	0	0	0	0	0	
683	2	2	2	2	2	2	2	2	1	1	1	1	0	0	0	0	0	
684	9	8	7	6	5	4	3	2	1	0	0	0	0	0	0	0	0	
685	15	15	15	15	15	10	9	8	7	6	5	4	3	2	2	1	1	
686	4	5	7	5	4	2	2	2	2	1	1	1	1	0	0	0	0	
687	10	10	10	10	9	8	8	7	6	5	3	3	2	2	2	1	1	
688	6	6	6	6	6	6	6	5	5	4	2	1	1	0	0	0	0	
689	15	12	12	12	12	10	10	9	8	6	6	5	5	3	3	2	2	
690	4	4	4	4	4	4	4	3	3	2	2	1	1	1	1	0	0	
691	1	1	1	1	0	1	0	0	0	0	0	0	0	0	1	0	1	
692	15	12	11	10	7	6	5	5	4	3	2	2	1	1	0	0	0	
693	12	11	10	9	8	8	8	8	8	7	7	6	5	4	1	0	0	
694	8	8	8	8	8	8	8	7	5	4	2	2	0	0	0	0	0	
695	10	10	10	10	8	8	7	6	5	5	4	4	3	2	2	1	0	
696	5	5	5	5	5	5	5	5	5	5	3	2	1	0	0	0	0	
697	2	5	5	5	5	5	0	0	0	0	0	0	0	0	0	0	0	
698	4	2	2	2	2	2	2	2	2	2	2	2	2	2	2	2	2	
699	5	1	0	0	0	0	0	0	0	0	0	0	0	0	0	0	0	
700	5	5	5	5	4	3	3	3	3	3	3	2	2	2	1	0	0	
701	3	3	3	3	3	2	2	2	0	0	0	0	0	0	0	0	0	
702	4	4	4	4	4	4	4	4	4	4	4	3	3	2	2	1	1	
703	5	5	5	5	5	5	5	5	5	5	5	5	3	2	2	1	1	
704	5	5	4	3	2	1	1	1	1	0	0	0	0	0	0	0	0	
705	5	5	5	5	5	5	5	5	4	4	3	3	3	2	2	1	0	
706	2	2	2	2	2	2	2	2	2	1	0	0	0	0	0	0	0	
707	15	12	9	8	7	5	4	3	3	3	3	3	2	2	1	0	0	
708	5	5	2	0	0	0	0	0	0	0	0	0	0	0	0	0	0	
709	7	7	7	7	7	7	7	7	5	5	3	3	2	2	1	1	0	
710	3	3	3	5	2	2	3	2	2	0	0	2	0	0	0	0	0	
711	6	6	6	3	2	1	1	1	1	0	0	0	0	0	0	0	0	
712	3	0	0	0	0	0	3	0	0	0	0	0	0	0	0	0	0	
713	0	0	0	1	0	0	0	1	0	0	0	0	0	0	0	0	0	
714	10	10	10	8	8	8	6	6	4	4	3	3	1	1	1	0	0	
715	10	10	10	10	8	8	8	8	8	8	6	6	4	4	3	2	2	
716	8	8	6	4	4	4	4	3	3	2	2	2	2	1	1	1	1	
717	5	5	5	5	5	5	5	5	5	5	4	3	3	2	2	2	1	
718	5	5	5	5	5	5	5	4	3	3	2	1	0	0	0	0	0	
719	4	2	2	2	2	1	0	0	0	0	0	0	0	0	0	0	0	
720	0	0	0	0	0	0	0	0	4	0	0	0	0	0	0	0	0	
721	8	6	6	5	5	4	4	3	2	1	0	0	0	0	0	0	0	
722	8	7	7	7	7	7	6	5	4	3	2	2	2	0	0	0	0	
723	0	2	0	0	0	0	0	0	0	0	0	0	0	0	0	0	0	
724	2	3	4	5	5	4	0	0	0	0	0	0	0	0	0	0	0	
725	10	15	15	13	12	5	5	4	3	3	3	3	3	3	2	2	2	
726	20	20	20	20	15	10	10	10	7	3	0	0	0	0	0	0	0	
727	5	5	5	5	5	5	5	5	5	5	4	3	0	0	0	0	0	
728	5	5	5	5	5	5	5	5	4	3	2	2	1	1	1	0	0	
729	3	3	3	3	3	3	3	2	2	2	0	0	0	0	0	0	0	
730	10	10	10	10	10	10	10	10	10	9	8	8	7	6	6	4	3	
731	0	0	0	0	0	3	0	0	1	0	0	0	0	0	0	0	0	
732	1	1	2	2	0	0	0	0	0	0	0	0	0	0	0	0	0	
733	10	10	10	10	7	7	7	5	5	5	3	3	3	2	2	1	1	
734	6	6	6	6	6	6	6	6	6	6	6	6	6	4	4	4	2	
735	2	2	2	2	2	2	2	2	1	1	1	0	0	0	0	0	0	
736	4	4	4	4	4	4	4	3	0	0	0	0	0	0	0	0	0	
737	4	4	4	4	4	4	4	4	3	2	2	2	1	0	0	0	0	
738	7	7	7	7	7	7	7	7	6	5	5	5	5	5	5	4	3	
739	4	4	4	4	4	4	4	4	3	2	2	2	1	1	1	1	0	
740	2	2	2	2	2	2	2	2	2	2	1	1	1	1	1	1	1	
741	10	10	5	0	0	0	0	0	0	0	0	0	0	0	0	0	0	
742	3	3	3	3	3	3	3	3	3	2	2	2	2	1	1	1	0	
743	0	0	0	0	1	0	0	3	0	1	1	0	0	0	0	0	0	
744	2	2	2	2	2	2	2	2	2	2	1	1	0	0	0	0	0	
745	1	1	0	0	0	0	0	0	0	0	0	1	0	2	0	0	0	
746	3	3	3	3	3	3	3	3	3	3	3	2	2	2	2	1	1	
747	3	3	3	3	3	3	3	2	2	1	1	1	1	1	1	0	0	
748	1	15	15	15	15	15	15	15	15	6	5	2	1	1	1	0	0	
749	5	5	5	5	5	5	5	5	4	3	2	2	2	1	1	0	0	
750	5	5	5	5	5	5	5	5	5	5	4	4	4	3	3	2	1	
751	20	20	20	20	15	15	12	12	10	10	8	7	6	5	4	3	2	
752	4	4	4	4	4	4	4	4	4	4	3	3	3	2	2	2	1	
753	5	5	5	4	4	3	3	2	2	2	1	1	1	0	0	0	0	
754	10	10	10	10	10	10	9	8	7	6	5	3	2	1	1	1	0	
755	15	15	15	15	12	12	8	8	6	6	4	4	4	2	2	1	1	
756	5	7	5	5	5	4	2	1	1	1	1	1	1	1	1	0	0	
757	2	4	6	5	3	3	2	1	2	1	1	1	2	3	3	4	2	
758	4	4	4	4	3	3	2	2	1	1	1	0	0	0	0	0	0	
759	3	3	3	3	3	3	3	3	3	3	2	2	2	0	0	0	0	
760	8	8	8	8	8	8	8	6	5	4	4	4	3	2	2	0	0	
761	0	0	0	0	0	0	0	1	1	0	1	0	0	0	0	0	0	
762	12	12	12	12	12	10	8	6	5	3	3	1	1	0	0	0	0	
763	2	2	2	1	1	1	1	1	1	1	0	0	0	0	0	0	0	
764	3	3	3	3	3	3	2	2	2	2	2	2	1	1	0	0	0	
765	3	0	0	0	0	0	0	0	0	1	0	0	0	0	0	0	0	
766	0	0	0	0	0	5	0	0	0	0	0	0	0	0	0	0	0	
767	6	6	6	6	6	6	5	5	5	5	4	4	4	3	2	1	1	
768	5	5	5	5	5	5	4	4	3	3	2	2	0	0	0	0	0	
769	6	6	6	6	6	6	6	5	4	1	1	0	0	0	0	0	0	
770	7	7	7	7	7	7	7	7	5	4	3	2	1	0	0	0	0	
771	2	2	2	2	2	2	2	2	2	2	2	2	0	0	0	0	0	
772	0	0	0	0	0	0	0	0	2	0	0	0	0	0	0	0	0	
773	0	0	0	0	0	0	0	0	0	0	0	0	0	0	0	0	0	
774	8	8	8	8	5	5	5	4	3	3	2	2	1	0	0	0	0	
775	3	1	0	1	0	0	0	0	0	0	0	0	0	0	0	0	0	
776	5	1	1	1	0	0	0	0	0	0	0	0	0	0	0	0	0	
777	5	0	0	0	0	0	0	0	0	0	2	0	2	0	0	0	0	
778	7	7	7	7	7	7	7	7	6	6	6	5	5	5	4	4	4	
779	2	2	2	2	2	2	2	1	0	0	0	0	0	0	0	0	0	
780	2	4	4	2	2	0	0	0	0	0	0	0	0	0	0	0	0	
781	10	10	10	10	10	10	8	6	5	4	2	2	1	1	1	0	0	
782	10	10	10	10	6	6	5	5	4	3	3	2	2	1	1	0	0	
783	0	0	0	0	0	0	0	0	0	4	0	0	0	0	0	0	0	
784	0	0	0	0	0	0	0	0	5	5	4	4	3	0	0	0	0	
785	2	2	2	2	2	2	2	2	2	1	1	0	0	0	0	0	0	
786	5	5	5	5	5	5	4	4	3	3	2	2	1	1	1	1	1	
787	4	4	4	4	4	4	4	4	4	4	4	3	3	3	3	2	1	
788	12	12	12	12	12	12	6	6	2	2	1	1	1	1	1	1	1	
789	12	12	12	8	8	8	6	6	4	3	2	2	0	0	0	0	0	
790	3	3	3	3	3	3	3	3	3	2	2	2	2	2	1	1	1	
791	7	7	7	7	7	7	6	5	4	3	2	2	0	0	0	0	0	
792	3	3	3	3	3	3	3	0	0	0	0	0	0	0	0	0	0	
793	10	10	10	10	10	10	10	8	7	6	5	4	3	1	1	0	0	
794	3	3	3	3	3	3	3	3	3	3	2	2	2	1	1	0	0	
795	10	10	10	10	10	8	8	8	8	8	6	5	5	0	0	0	0	
796	30	25	25	20	15	10	10	9	8	7	6	5	4	3	2	1	1	
797	3	3	3	3	3	3	3	2	2	1	1	1	1	0	0	0	0	
798	3	3	3	3	3	3	2	2	2	1	1	1	1	0	0	0	0	
799	3	3	3	3	3	3	3	3	3	2	2	1	1	1	1	0	0	
800	3	3	3	3	3	3	3	2	2	2	2	2	1	1	1	0	0	
801	2	2	2	2	2	2	2	2	2	2	2	1	1	1	1	0	0	
802	2	0	0	0	0	0	0	0	0	0	0	0	0	0	0	0	0	
803	5	4	6	8	8	6	6	5	3	2	0	0	0	0	0	0	0	
804	6	6	6	6	6	6	6	6	5	5	4	3	2	2	1	0	0	
805	6	6	6	6	6	6	6	6	6	6	3	3	3	2	2	0	0	
806	6	6	6	6	6	6	6	6	6	6	6	6	5	5	1	1	0	
807	5	5	5	5	5	5	4	4	3	3	2	2	1	1	1	0	0	
808	12	12	12	12	12	12	12	10	8	6	5	5	4	4	3	2	1	
809	2	2	2	2	2	2	1	1	1	1	1	0	0	0	0	0	0	
810	8	8	8	8	8	8	8	8	6	6	5	4	3	2	1	0	0	
811	8	8	8	8	7	7	6	6	5	5	4	4	3	3	2	1	1	
812	4	4	4	4	4	4	4	4	3	3	3	2	1	1	0	0	0	
813	4	4	4	4	4	4	4	4	4	3	2	1	0	0	0	0	0	
814	1	0	0	5	0	0	0	0	0	3	0	0	0	0	0	0	0	
815	10	10	10	9	9	9	9	8	8	6	6	5	4	4	3	2	1	
816	6	5	5	5	4	4	3	3	2	1	0	0	0	0	0	0	0	
817	0	0	0	0	0	1	0	0	1	0	0	1	0	0	0	0	0	
818	2	2	1	1	1	1	0	0	0	0	0	0	0	0	0	0	0	
819	0	0	0	0	0	0	0	0	2	0	1	0	0	0	0	0	0	
820	24	15	10	9	7	6	5	5	2	2	0	0	0	0	0	0	0	
821	1	0	0	0	0	0	0	0	0	2	0	0	0	0	0	0	0	
822	3	3	3	3	3	3	3	3	3	2	2	2	2	2	1	1	1	
823	10	10	10	10	10	10	10	10	0	0	0	0	0	0	0	0	0	
824	3	3	3	3	3	3	3	3	3	3	2	2	2	1	1	1	0	
825	0	0	0	0	0	1	1	1	1	2	2	2	2	0	0	0	0	
826	5	5	5	4	4	4	4	4	4	3	3	3	3	3	2	2	1	
827	0	0	0	0	0	0	0	0	0	5	0	0	0	0	0	0	0	
828	2	1	0	0	0	0	0	0	0	1	1	0	0	0	0	0	0	
829	10	10	10	10	10	10	8	5	5	5	5	5	4	4	4	2	2	
830	3	3	3	3	3	3	3	3	3	3	2	2	2	2	2	1	1	
831	6	6	6	5	5	5	5	4	3	3	3	2	2	2	1	1	1	
832	5	0	0	0	0	0	0	0	0	0	0	0	0	0	0	0	0	
833	1	1	1	0	0	1	1	1	1	1	1	0	0	0	0	0	0	
834	6	6	6	6	6	5	5	4	4	4	3	3	3	2	1	0	0	
835	0	0	0	0	0	0	0	3	2	0	0	0	0	0	0	0	0	
836	4	4	4	4	4	4	4	4	4	4	3	3	2	2	1	1	0	
837	6	6	6	6	6	6	6	6	5	5	3	3	2	1	1	0	0	
838	10	10	10	10	9	8	7	6	5	4	3	2	1	1	1	0	0	
839	5	5	5	5	5	5	5	5	5	4	3	3	2	2	2	1	1	
840	2	1	1	1	1	1	1	0	0	0	0	0	0	0	0	0	0	
841	5	5	5	5	4	4	3	3	2	2	1	1	1	0	0	0	0	
842	8	8	8	8	8	8	8	8	8	8	8	8	8	8	8	6	2	
843	5	5	5	5	5	5	5	5	5	5	5	5	4	4	3	2	2	
844	4	4	4	4	4	4	4	4	4	4	3	2	2	2	1	0	0	
845	5	5	5	5	4	3	2	1	0	0	0	0	0	0	0	0	0	
846	5	4	4	3	2	2	2	1	1	1	1	0	0	0	0	0	0	
847	10	10	10	10	10	10	10	10	9	9	9	9	8	8	8	7	6	
848	7	7	7	7	7	7	7	7	7	7	7	7	6	5	4	3	2	
849	8	8	8	8	8	5	0	0	0	0	0	0	0	0	0	0	0	
850	5	5	1	1	1	1	1	1	1	1	1	1	1	1	1	1	1	
851	5	5	5	5	5	5	5	5	5	5	5	4	4	4	3	2	1	
852	4	4	4	4	4	3	2	2	2	0	0	0	0	0	0	0	0	
853	5	5	5	5	5	5	4	3	2	1	0	0	0	0	0	0	0	
854	10	10	10	10	10	8	8	7	7	7	6	6	6	6	6	4	3	
855	12	12	12	12	12	12	12	12	10	7	6	5	4	4	3	2	2	
856	15	12	11	10	9	8	8	7	6	5	4	3	2	1	1	0	0	
857	20	20	20	15	15	15	14	11	10	8	6	5	5	4	4	2	2	
858	5	5	5	5	5	5	5	5	5	4	3	2	2	1	1	0	0	
859	6	6	6	6	6	6	6	6	6	6	5	5	4	1	1	0	0	
860	10	5	4	4	2	2	2	2	2	2	1	1	1	0	0	0	0	
861	8	8	8	8	7	7	7	6	6	5	5	4	4	3	2	2	1	
862	10	10	10	5	5	5	2	2	1	0	0	0	0	0	0	0	0	
863	8	6	6	6	6	6	6	5	4	4	4	2	2	0	0	0	0	
864	10	10	8	5	4	3	2	2	0	0	0	0	0	0	0	0	0	
865	6	6	6	6	6	6	6	6	6	5	4	4	3	1	0	0	0	
866	4	4	4	4	4	4	4	4	4	4	3	2	0	0	0	0	0	
867	10	10	10	10	10	10	10	8	8	7	6	6	6	4	3	2	2	
868	10	10	10	10	8	7	6	5	4	3	2	1	0	0	0	0	0	
869	5	5	5	5	5	5	5	4	4	4	3	3	2	2	2	1	1	
870	3	0	0	0	0	0	0	0	0	0	0	0	0	0	0	0	0	
871	5	5	5	5	5	5	0	0	0	0	0	0	0	0	0	0	0	
872	9	9	9	9	9	9	9	8	8	3	2	1	0	0	0	0	0	
873	5	5	5	5	5	5	5	5	5	4	3	3	3	2	2	0	0	
874	2	2	2	2	2	22	2	2	2	22	2	2	2	NA	2	2	2	
875	7	7	6	6	5	5	4	4	3	3	2	2	1	1	0	0	0	
876	10	10	10	10	10	10	10	10	6	4	2	2	1	1	1	1	0	
877	4	4	4	4	4	4	4	4	4	4	4	4	3	3	2	1	0	
878	2	2	2	1	1	1	1	1	1	1	1	0	0	0	0	0	0	
879	4	3	3	2	1	1	0	0	0	0	0	0	0	0	0	0	0	
880	5	5	5	5	5	5	5	5	5	5	5	3	2	2	1	1	0	
881	5	5	5	5	5	4	4	3	2	1	1	1	1	1	1	0	0	
882	5	5	5	5	5	5	3	3	3	2	2	2	2	1	1	1	0	
883	6	5	4	3	2	2	1	1	1	1	0	0	0	0	0	0	0	
884	0	0	0	0	0	0	0	0	0	0	10	0	0	0	0	0	0	
885	5	5	5	5	5	5	5	4	4	0	0	0	0	0	0	0	0	
886	0	0	0	1	0	0	0	1	1	0	0	0	0	0	0	0	1	
887	5	5	5	5	5	5	2	0	0	0	0	0	0	0	0	0	0	
888	8	7	7	7	7	7	7	7	6	6	6	5	5	4	3	2	1	
889	1	0	0	0	0	0	0	0	0	2	2	3	0	0	0	0	0	
890	6	6	6	6	6	6	6	6	3	3	0	0	0	0	0	0	0	
891	0	0	0	0	6	0	0	0	0	3	0	0	0	0	0	0	0	
892	10	10	10	10	10	5	5	5	5	5	0	0	0	0	0	0	0	
893	2	2	2	2	2	2	2	2	1	1	0	0	0	0	0	0	0	
894	2	2	2	2	2	2	2	2	1	0	0	0	0	0	0	0	0	
895	8	8	8	8	8	8	8	7	6	5	4	3	3	2	2	0	0	
896	2	2	2	2	2	2	2	2	2	0	0	0	0	0	0	0	9	
897	10	8	7	5	5	5	5	4	4	4	3	3	3	2	1	1	0	
898	10	10	10	10	10	10	10	9	8	7	7	6	5	3	2	0	0	
899	5	5	5	5	5	5	5	5	4	4	4	3	2	2	1	0	0	
900	6	6	6	6	6	6	6	5	5	5	5	3	3	2	2	1	1	
901	2	0	0	0	0	0	0	0	2	3	1	0	0	0	0	0	0	
902	4	4	4	4	4	4	4	4	3	2	1	1	1	0	0	0	0	
903	8	8	8	8	8	8	8	8	8	8	8	6	6	5	4	3	2	
904	10	10	10	5	4	3	3	3	1	1	0	0	0	0	0	0	0	
905	15	10	10	10	10	10	7	7	5	5	3	3	2	2	0	0	0	
906	3	3	3	3	3	3	3	3	3	3	2	2	2	1	1	1	1	
907	5	0	0	0	0	0	0	0	0	0	0	0	0	0	0	0	0	
908	2	2	2	2	2	2	2	2	2	1	1	1	1	1	0	0	0	
909	7	7	7	7	7	7	7	6	5	5	5	4	4	3	3	1	1	
910	20	15	15	12	8	6	5	4	3	3	2	1	1	1	0	0	0	
911	6	6	6	6	6	6	6	5	4	4	3	3	2	1	1	0	0	
912	7	7	6	4	2	2	1	0	0	0	0	0	0	0	0	0	0	
913	10	10	10	9	9	7	6	5	5	5	4	4	2	1	0	0	0	
914	6	6	6	6	4	4	4	4	3	3	3	2	2	2	1	1	1	
915	10	10	10	10	10	10	10	6	6	5	4	3	3	2	2	2	1	
916	5	4	3	2	1	1	1	1	1	1	1	1	1	1	1	1	1	
917	0	0	0	10	0	5	0	0	2	0	0	0	0	0	0	0	0	
918	6	6	6	6	6	6	5	5	4	3	0	0	0	0	0	0	0	
919	10	10	10	10	10	10	10	10	10	8	8	8	6	6	6	0	0	
920	5	5	5	5	5	5	5	5	3	3	3	2	2	2	2	1	1	
921	4	4	4	4	4	4	4	4	4	4	2	2	1	1	1	0	0	
922	2	2	2	2	2	2	2	2	2	1	1	1	1	0	0	0	0	
923	5	5	5	5	5	5	2	1	2	2	1	1	1	1	0	0	0	
924	6	6	6	6	6	6	6	5	5	4	3	1	1	1	1	0	0	
925	6	6	6	6	6	6	6	6	6	5	5	3	2	2	1	0	0	
926	6	6	6	6	6	6	6	6	6	5	5	5	4	4	3	2	1	
927	5	5	5	5	5	5	5	5	4	3	3	2	2	0	0	0	0	
928	5	5	5	5	5	5	5	5	4	4	3	3	3	2	2	0	0	
929	2	0	0	1	0	0	0	0	0	1	0	0	0	0	0	0	0	
930	2	4	4	4	4	4	4	4	4	4	2	2	2	2	2	0	0	
931	10	10	10	10	10	10	8	6	5	4	0	0	0	0	0	0	0	
932	3	3	3	3	3	3	3	3	3	3	2	2	2	0	0	0	0	
933	4	4	4	3	3	3	3	3	3	2	2	2	1	1	0	0	0	
934	7	7	7	7	6	6	6	5	5	4	4	4	3	3	2	2	2	
935	0	0	0	5	0	0	0	0	2	0	0	1	0	0	0	0	0	
936	0	0	0	0	0	0	2	1	1	1	1	0	0	0	0	0	0	
937	5	5	5	2	2	2	2	1	1	1	1	1	1	1	0	0	0	
938	4	4	4	3	3	3	3	3	3	3	2	2	2	2	1	0	0	
939	5	5	5	5	5	5	5	5	5	5	4	4	3	2	2	1	0	
940	2	2	2	2	2	2	2	2	1	1	1	1	1	1	1	1	1	
941	0	0	0	0	0	0	0	0	3	4	3	0	0	0	0	0	0	
942	7	7	7	7	7	7	6	5	5	4	0	0	0	0	0	0	0	
943	6	6	6	6	4	3	3	2	2	2	2	2	1	1	1	0	0	
944	3	3	3	3	3	3	3	3	3	3	2	2	2	2	1	0	0	
945	5	5	5	5	5	5	5	5	4	3	2	2	1	1	1	1	0	
946	5	5	5	5	5	3	3	3	2	2	2	1	1	1	1	0	0	
947	10	10	10	10	10	10	10	10	10	7	7	7	6	4	4	3	2	
948	5	5	5	5	5	5	5	5	5	5	3	2	2	1	1	1	0	
949	7	7	7	7	7	7	7	7	7	7	6	5	4	3	2	1	1	
950	7	6	6	5	4	4	3	2	1	1	0	0	0	0	0	0	0	
951	10	10	10	10	10	10	10	10	8	6	5	4	4	3	3	2	1	
952	0	0	0	0	0	0	0	0	1	0	3	0	0	0	0	0	0	
953	6	6	6	6	6	6	5	4	3	2	2	1	1	1	0	0	0	
954	10	10	10	10	10	8	8	6	6	5	5	4	4	3	2	2	1	
955	0	0	0	0	0	0	0	0	0	0	0	0	5	0	0	0	0	
956	10	10	10	10	10	10	10	8	5	5	5	5	3	2	2	1	1	
957	5	5	5	5	5	4	4	3	2	1	1	1	1	0	0	0	0	
958	10	10	10	10	8	6	5	5	5	2	2	2	1	1	0	0	0	
959	4	4	4	4	4	4	4	4	4	2	2	1	1	0	0	0	0	
960	5	5	5	5	5	5	5	5	5	4	4	4	4	3	3	1	1	
961	5	5	5	5	5	5	4	4	3	3	2	2	2	1	1	0	0	
962	5	5	5	5	5	5	5	4	3	3	2	1	1	0	0	0	0	
963	2	1	1	1	0	0	0	0	0	0	0	0	0	0	0	0	0	
964	4	4	4	4	4	4	4	4	3	3	2	2	2	2	2	1	1	
965	2	2	2	2	2	2	2	2	2	2	1	1	0	0	0	0	0	
966	0	0	0	0	0	0	0	0	1	0	2	0	1	0	0	0	0	
967	1	4	2	1	1	0	0	0	0	0	0	0	0	0	0	0	0	
968	5	5	5	3	3	3	3	3	0	0	0	0	0	0	0	0	0	
969	5	0	0	0	0	0	0	0	0	0	0	0	0	0	0	0	0	
970	10	7	7	7	7	6	6	5	5	5	5	5	5	5	4	2	1	
971	6	6	6	6	5	4	3	2	1	0	0	0	0	0	0	0	0	
972	6	6	4	2	1	1	1	1	0	0	0	0	0	0	0	0	0	
973	5	5	5	5	5	5	4	4	3	3	3	2	2	2	2	1	1	
974	2	2	2	2	2	1	1	1	1	0	0	0	0	0	0	0	0	
975	15	15	15	15	15	10	10	10	10	9	6	4	4	2	1	0	0	
976	3	3	3	3	3	3	3	3	2	2	2	1	1	1	1	1	1	
977	10	10	10	10	10	10	10	8	6	5	4	3	2	2	2	1	1	
978	5	5	5	5	4	4	2	2	2	2	1	1	1	1	1	0	0	
979	6	6	6	6	6	5	5	5	4	4	3	3	2	2	2	1	1	
980	0	0	0	0	0	0	4	0	0	1	0	0	0	0	0	0	0	
981	6	6	6	6	6	6	6	5	5	4	4	3	3	2	1	0	0	
982	10	10	10	10	10	7	7	4	3	0	0	0	0	0	0	0	0	
983	2	2	2	2	2	2	2	2	2	1	1	1	0	0	0	0	0	
984	5	4	4	4	4	4	3	3	3	2	2	1	1	0	0	0	0	
985	6	6	6	6	6	6	6	5	4	4	3	3	2	1	0	0	0	
986	2	2	2	2	2	2	2	2	2	2	1	1	1	0	0	0	0	
987	6	6	6	6	6	5	5	4	3	3	2	2	1	1	0	0	0	
988	5	5	5	5	5	5	5	5	4	4	4	3	3	3	3	2	1	
989	7	3	2	1	0	0	0	0	0	0	0	0	0	0	0	0	0	
990	1	0	0	0	0	0	0	2	0	0	0	0	0	0	0	0	0	
991	10	10	10	10	10	10	8	8	6	4	4	4	3	2	1	1	1	
992	5	5	5	5	5	5	5	5	4	4	3	2	2	1	1	0	0	
993	10	10	10	10	10	6	5	4	3	2	1	1	1	1	1	1	1	
994	6	5	4	3	2	1	0	0	0	0	0	0	0	0	0	0	0	
995	4	4	4	4	4	4	4	4	3	2	2	1	1	0	0	0	0	
996	1	0	0	0	0	0	1	0	0	0	0	0	0	0	0	0	0	
997	10	8	8	8	6	5	5	4	4	4	4	3	3	3	3	2	1	
998	6	6	6	6	6	6	5	5	5	5	4	4	4	3	3	2	1	
999	2	2	2	2	2	2	2	2	2	1	1	1	0	0	0	0	0	
1000	1	1	1	1	1	1	1	0	0	0	0	0	0	0	0	0	0	
1001	4	0	0	0	0	0	0	2	0	0	0	0	0	0	0	0	0	
1002	10	10	10	10	10	10	10	9	7	6	5	4	4	3	0	0	0	
1003	3	3	3	2	2	1	1	1	1	0	0	0	0	0	0	0	0	
1004	8	8	8	8	7	7	7	7	6	6	5	5	4	4	3	2	2	
1005	5	5	5	5	5	5	5	4	3	2	2	1	1	1	1	0	0	
1006	3	3	3	3	3	3	3	2	2	2	2	1	1	1	1	1	1	
1007	8	8	8	8	8	6	6	5	4	3	3	2	2	2	1	0	0	
1008	10	10	10	10	9	9	8	7	7	4	3	3	2	2	2	1	1	
1009	5	5	3	3	3	2	2	2	2	2	1	2	2	0	0	0	0	
1010	5	5	5	5	5	5	5	5	5	5	4	3	2	1	1	0	0	
1011	4	4	4	4	4	3	3	2	2	2	1	1	1	1	0	0	0	
1012	3	3	3	3	3	3	3	2	2	2	1	1	1	0	0	0	0	
1013	3	0	0	0	0	0	0	0	0	0	0	0	0	0	0	0	0	
1014	10	8	8	8	8	8	7	6	5	5	5	3	2	2	2	1	1	
1015	5	5	5	5	5	5	5	5	4	4	3	3	3	2	2	2	1	
1016	4	0	0	0	0	0	0	0	0	0	0	0	0	0	0	0	0	
1017	8	8	8	8	8	7	7	6	6	5	5	4	4	3	2	1	0	
1018	1	1	1	1	0	0	0	0	0	0	0	0	0	0	0	0	0	
1019	7	7	7	7	7	7	7	7	5	2	1	1	0	0	0	0	0	
1020	1	1	1	1	0	0	0	0	0	0	0	0	0	0	0	0	0	
1021	4	4	4	4	4	4	4	4	4	4	3	3	2	2	2	1	1	
1022	2	2	0	1	0	0	0	0	0	1	0	0	0	0	0	0	0	
1023	3	3	3	3	2	2	2	2	1	1	1	1	1	1	1	1	1	
1024	10	10	10	10	10	10	10	8	6	5	5	4	4	3	3	2	1	
1025	8	8	8	8	8	8	8	7	5	4	4	3	3	2	2	1	1	
1026	5	5	5	5	5	5	5	5	5	5	5	5	5	4	3	3	2	
1027	13	13	13	13	13	13	13	13	12	10	8	6	0	0	0	0	0	
1028	4	4	4	4	4	4	4	3	3	2	2	1	1	1	1	0	0	
1029	2	2	2	2	2	2	2	2	2	2	0	0	0	0	0	0	0	
1030	7	7	7	7	7	7	7	6	5	4	4	3	3	2	2	0	0	
1031	12	12	12	12	10	8	6	5	3	2	2	2	1	1	1	0	0	
1032	4	4	4	4	4	4	4	4	3	3	3	2	1	1	1	0	0	
1033	6	6	6	6	6	6	6	6	6	6	6	5	4	0	0	0	0	
1034	4	3	2	1	1	1	0	0	0	0	0	0	0	0	0	0	0	
1035	10	10	10	10	9	9	8	7	7	6	5	5	4	4	3	2	1	
1036	3	3	3	3	3	3	3	3	3	2	2	2	1	0	0	0	0	
1037	8	8	8	8	8	8	8	5	5	5	5	4	4	3	2	0	0	
1038	7	7	7	7	7	7	7	6	6	6	5	5	4	4	3	3	2	
1039	5	5	5	5	4	3	3	2	2	1	1	1	0	0	0	0	0	
1040	4	4	4	4	3	3	3	3	2	2	1	1	1	0	0	0	0	
1041	6	6	6	6	6	6	6	6	6	5	4	3	3	2	2	1	1	
1042	3	3	3	3	3	3	3	3	0	0	0	0	0	0	0	0	0	
1043	0	0	0	0	0	0	0	0	0	2	0	0	1	0	0	0	0	
1044	5	5	5	5	5	5	5	5	4	3	3	3	2	1	1	0	0	
1045	1	0	0	0	0	0	0	0	0	0	1	0	0	0	1	0	0	
1046	8	8	8	8	8	8	8	8	7	7	6	6	5	5	3	2	1	
1047	4	4	4	4	3	3	2	2	1	0	0	0	0	0	0	0	0	
1048	5	5	5	5	5	5	5	5	5	4	4	3	2	2	2	1	1	
1049	1	1	1	0	0	0	0	0	0	0	0	0	0	0	0	0	0	
1050	11	11	11	11	9	9	8	6	5	5	3	3	2	2	0	0	0	
1051	6	6	6	6	5	5	4	4	4	4	3	2	2	2	1	0	0	
1052	10	10	10	10	10	8	8	6	5	4	2	2	1	1	1	1	1	
1053	6	6	6	6	4	4	2	2	2	0	0	0	0	0	0	0	0	
1054	10	10	10	10	10	10	5	5	5	4	3	3	0	0	0	0	0	
1055	10	10	10	10	9	9	8	8	7	6	5	5	5	4	3	2	2	
1056	6	6	6	6	6	6	6	6	6	6	5	5	4	4	4	1	1	
1057	3	3	3	3	3	3	3	3	3	3	3	2	2	1	1	0	0	
1058	4	4	4	4	4	4	4	4	3	3	2	1	1	1	1	0	0	
1059	15	15	15	15	12	12	12	10	10	8	5	5	0	0	0	0	0	
1060	2	2	2	2	2	2	2	2	2	2	2	1	1	1	1	0	0	
1061	8	8	8	8	8	8	8	8	8	4	4	3	3	2	1	1	0	
1062	3	3	3	3	3	2	2	2	1	1	1	1	0	0	0	0	0	
1063	5	5	5	5	5	5	5	5	5	5	3	3	2	1	1	0	0	
1064	2	2	1	0	0	0	0	0	0	0	0	0	0	0	0	0	0	
1065	5	5	5	5	5	5	5	5	3	3	2	2	2	0	0	0	0	
1066	8	0	0	0	0	0	0	0	0	0	0	0	0	0	0	0	0	
1067	4	4	4	4	3	3	3	3	2	2	2	1	1	1	1	1	1	
1068	2	0	0	0	0	6	0	0	0	0	0	0	0	0	0	0	0	
1069	10	10	10	10	9	9	9	9	7	6	5	5	4	3	3	0	0	
1070	5	0	0	0	0	0	0	0	0	0	0	0	0	0	0	0	0	
1071	2	2	2	2	2	2	2	2	1	1	1	1	1	1	0	0	0	
1072	5	5	5	5	5	5	4	4	3	3	3	2	2	2	1	1	0	
1073	10	10	10	10	10	10	10	10	8	8	8	7	5	5	3	0	0	
1074	1	1	0	0	0	0	0	0	0	0	0	0	0	0	0	0	0	
1075	6	5	5	5	4	4	4	3	3	3	3	2	2	2	1	1	1	
1076	5	5	5	5	5	5	5	5	5	0	0	0	0	0	0	0	0	
1077	6	6	6	6	6	6	6	6	5	5	5	4	3	2	2	1	1	
1078	2	0	0	0	8	0	0	0	0	0	0	0	0	0	0	0	0	
1079	0	0	0	0	0	0	0	0	0	0	0	0	1	1	1	1	1	
1080	25	15	15	12	10	10	8	8	8	8	8	5	5	4	4	0	0	
1081	7	7	7	7	7	7	7	7	7	6	5	5	5	5	4	2	1	
1082	4	4	4	4	4	3	3	3	3	2	2	2	1	1	1	0	0	
1083	10	10	8	8	6	6	5	2	1	0	0	0	0	0	0	0	0	
1084	1	1	1	1	1	0	0	0	0	0	0	0	0	0	0	0	0	
1085	3	3	2	2	2	2	2	2	2	1	1	1	0	0	0	0	0	
1086	5	5	5	3	3	2	2	2	1	1	0	0	0	0	0	0	0	
1087	1	0	0	0	0	0	0	0	0	0	0	0	0	0	0	0	0	
1088	10	10	10	10	5	5	3	3	2	2	1	1	1	1	1	1	1	
1089	6	7	8	3	3	2	0	0	0	0	0	0	0	0	0	0	0	
1090	5	5	5	5	5	5	5	5	4	4	3	3	2	2	2	1	0	
1091	0	0	0	0	0	0	0	0	0	2	1	1	0	0	0	0	0	
1092	12	11	10	9	8	7	7	6	6	5	5	4	4	3	2	1	0	
1093	0	0	0	0	0	0	4	0	0	0	0	0	0	0	0	0	0	
1094	5	5	5	5	4	3	3	2	2	2	2	1	1	1	1	1	1	
1095	5	5	5	5	5	5	5	5	5	5	5	5	0	0	0	0	0	
1096	4	4	4	4	3	3	2	2	2	1	1	1	0	0	0	0	0	
1097	20	20	20	20	20	20	20	20	20	0	0	0	0	0	0	0	0	
1098	1	1	1	1	0	0	0	0	0	0	0	0	0	0	0	0	0	
1099	8	8	8	8	7	7	7	6	5	4	3	3	2	2	2	1	1	
1100	0	20	20	20	20	0	0	0	0	0	0	0	0	0	0	0	0	
1101	0	0	0	3	0	0	0	0	0	0	0	0	0	0	0	0	0	
1102	1	0	0	0	0	0	0	0	0	1	0	0	0	0	0	0	0	
1103	8	8	8	8	8	7	7	6	5	5	5	5	5	4	4	4	3	
1104	8	8	8	8	8	8	8	6	5	4	4	2	2	1	0	0	0	
																		
	0	0.25	0.5	1	1.5	2	2.5	3	4	5	6	7	8	9	10	15	20	
M	5.856884058	5.425724638	5.257246377	5.049818841	4.714673913	4.413043478	4.081521739	3.685688406	3.151268116	2.674818841	2.16576087	1.799637353	1.424818841	1.113327289	0.923913043	0.490942029	0.350543478	
SD	4.705973278	4.301995389	4.194430187	3.938184029	3.70212462	3.457774816	3.262748553	3.018651843	2.808459372	2.470158851	2.252749078	2.349112958	1.78097839	1.733577022	1.699213558	1.189442317	0.900553209	
